Site,mean_chl_mg_m3,max_chl_mg_m3,min_chl_mg_m3,mean_sst_C,max_sst_C,min_sst_C,DepthZone,dist_200m_bath,giantkelp_stipe_density_m2,giantkelp_density_m2,Relief_index,Relief_SD,Relief_simpson,Substrate_index,Substrate_SD,Substrate_simpson,Latitude,Longitude
SCLI - Pyramid Cove,0.696817775797064,2.11013979733935,0.282718963361751,18.1380952380952,22.125,15.5625,Deep,2740.61454236915,0.205555555555556,0.0527777777777778,1.59675,0.697520204151271,0.384229390681004,3.6883,0.564420618496518,0.244802867383513,32.81503,-118.37189
SCLI - Pyramid Cove,0.696817775797064,2.11013979733935,0.282718963361751,18.1380952380952,22.125,15.5625,Inner,2406.47350977761,0.352777777777778,0.0805555555555556,0.220466666666667,0.394951429948853,0.292114695340502,3.63435,0.59605087190258,0.306810035842294,32.81755,-118.36991
SCLI - Pyramid Cove,0.696817775797064,2.11013979733935,0.282718963361751,18.1380952380952,22.125,15.5625,Middle,2538.92882943224,1.00555555555556,0.133333333333333,0.129033333333333,0.203585777334867,0.156272401433692,3.78503333333333,0.529655405197506,0.221505376344086,32.81645,-118.37053
SCLI - Pyramid Cove,0.696817775797064,2.11013979733935,0.282718963361751,18.1380952380952,22.125,15.5625,Outer,2681.58249746062,2.70277777777778,0.511111111111111,0.639766666666667,0.552113241363892,0.393189964157706,3.73655,0.411418955768986,0.260215053763441,32.81533,-118.37135
Abalone Cove Kelp West,3.68898657319055,11.7668668748735,0.622563054068694,18.0661764705882,20.2875,15.24375,Inner,2720.85701420132,4.48181818181818,0.865151515151515,0.303531818181818,0.303628645483749,0.267546432062561,3.78742272727273,0.515062823806217,0.235874877810362,33.73954,-118.38795
Abalone Cove Kelp West,3.68898657319055,11.7668668748735,0.622563054068694,18.0661764705882,20.2875,15.24375,Middle,2670.08323179666,3.14166666666667,0.47962962962963,0.0627277777777778,0.0930710897076946,0.0571087216248507,3.69897222222222,0.65683612770816,0.24910394265233,33.73885,-118.38773
Abalone Cove Kelp West,3.68898657319055,11.7668668748735,0.622563054068694,18.0661764705882,20.2875,15.24375,Outer,2559.12710553697,1.02037037037037,0.115740740740741,0.612916666666667,0.540544881574256,0.450657108721625,3.73301111111111,0.628670313118567,0.179569892473118,33.73732,-118.38624
Golden Cove,3.85607065157246,9.3257248124397,0.478860952930856,18.2109375,21.4125,15.61875,Inner,2449.31930659559,0.938194444444444,0.284027777777778,0.029575,0.116166498115601,0.0566308243727599,3.66271666666667,0.723150391797191,0.287365591397849,33.75277,-118.41493
Honeymoon Cove,3.90256756514176,11.1736044518235,0.589476433709025,17.9761224489796,22.2428571428571,14.2071428571429,Inner,3129.76147471436,4.96111111111111,0.911111111111111,0.0309208333333333,0.103399235516943,0.0478494623655914,3.52695833333333,0.573659785603672,0.427060931899642,33.76499,-118.42313
Honeymoon Cove,3.90256756514176,11.1736044518235,0.589476433709025,17.9761224489796,22.2428571428571,14.2071428571429,Middle,3015.10134979294,4.55083333333333,0.835,0.02419,0.0820119203262916,0.0455913978494624,3.293525,0.710958737127824,0.488817204301075,33.764402,-118.424192
Honeymoon Cove,3.90256756514176,11.1736044518235,0.589476433709025,17.9761224489796,22.2428571428571,14.2071428571429,Outer,2870.64651196734,1.64083333333333,0.164166666666667,0.196775,0.317324153015051,0.224623655913978,3.77746,0.399199099867154,0.218709677419355,33.764076,-118.426107
Honeymoon Cove,3.90256756514176,11.1736044518235,0.589476433709025,17.9761224489796,22.2428571428571,14.2071428571429,Deep,2715.24969518704,0.075,0.00833333333333333,0.32742,0.407977359527671,0.292903225806452,3.703285,0.549551190530475,0.284086021505376,33.763388,-118.427742
Marguerite Central,3.60344722972157,10.6141559114367,0.608360364435438,17.7686440677966,21.45,14.3571428571429,Inner,2600.33772348194,3.77583333333333,0.759166666666667,0.406455,0.498344935950585,0.385376344086022,3.92418,0.219374260182936,0.118602150537634,33.75676,-118.41813
Marguerite Central,3.60344722972157,10.6141559114367,0.608360364435438,17.7686440677966,21.45,14.3571428571429,Middle,2564.20101708876,2,0.47,0.36774,0.328821416695933,0.244623655913979,3.671045,0.49529037911537,0.380752688172043,33.756597,-118.41854
Point Vicente West,3.58267132242791,10.2337964918072,0.748259311400181,18.1235294117647,20.98125,15,Inner,1815.81452899656,4.64444444444445,0.631944444444445,0.6115625,0.550356373083329,0.477777777777778,3.88039166666667,0.300447773130589,0.158870967741936,33.74128,-118.41261
Point Vicente West,3.58267132242791,10.2337964918072,0.748259311400181,18.1235294117647,20.98125,15,Middle,1730.97264616683,2.225,0.3525,0.348375,0.458313369728787,0.37505376344086,3.77261,0.511086499619475,0.278064516129032,33.74083,-118.41335
Point Vicente West,3.58267132242791,10.2337964918072,0.748259311400181,18.1235294117647,20.98125,15,Outer,1509.67663356817,0.46,0.114166666666667,0.53547,0.590922945829467,0.444838709677419,3.616175,0.649855541607237,0.344086021505376,33.73871,-118.4144
Point Vicente West,3.58267132242791,10.2337964918072,0.748259311400181,18.1235294117647,20.98125,15,Deep,1465.22852034693,0.0516666666666667,0.00666666666666667,0.50324,0.467570579588381,0.339462365591398,3.490365,0.617455470976525,0.358817204301075,33.7385,-118.41482
Rocky Point North,3.40453603961913,12.2916741133335,0.645540404750976,17.7001142857143,22.65,14.0625,Inner,4041.12137165318,4.73125,0.702777777777778,0.165329166666667,0.262705871292365,0.187096774193548,3.79032083333333,0.402700392582036,0.248028673835126,33.77961,-118.42688
Rocky Point North,3.40453603961913,12.2916741133335,0.645540404750976,17.7001142857143,22.65,14.0625,Middle,3968.20226524701,2.3975,0.2075,0.0242,0.0677140759330795,0.041505376344086,3.690355,0.576472569439798,0.289569892473118,33.78018,-118.42849
Rocky Point North,3.40453603961913,12.2916741133335,0.645540404750976,17.7001142857143,22.65,14.0625,Outer,3915.64866731842,1.61,0.116666666666667,0.03548,0.111089054123796,0.0653763440860215,3.525825,0.560314509737035,0.40258064516129,33.78114,-118.43016
Rocky Point North,3.40453603961913,12.2916741133335,0.645540404750976,17.7001142857143,22.65,14.0625,Deep,3750.18240617623,0.125,0.0275,0.051625,0.119948841788129,0.0767741935483871,3.53714,0.628171451613195,0.409139784946237,33.78204,-118.43353
120 Reef,3.68898657319055,11.7668668748735,0.622563054068694,18.0661764705882,20.2875,15.24375,Inner,2389.86838332214,3.0875,0.595833333333333,0.30244375,0.396848507273117,0.278629032258064,3.77219375,0.494237454486574,0.169086021505376,33.73833,-118.39231
120 Reef,3.68898657319055,11.7668668748735,0.622563054068694,18.0661764705882,20.2875,15.24375,Middle,2286.89394267555,1.82291666666667,0.3125,0.20164375,0.324231586226675,0.201478494623656,3.3972125,0.847770143566502,0.431720430107527,33.73725,-118.3923
3 Palms East,3.99807735790523,14.1801503910276,0.478640002496216,17.9932584269663,21.6,14.98125,Inner,2903.61856653739,6.125,0.882291666666667,0.0302375,0.0888408839534799,0.0543010752688172,3.709675,0.341656539526509,0.19758064516129,33.71888,-118.33145
3 Palms East,3.99807735790523,14.1801503910276,0.478640002496216,17.9932584269663,21.6,14.98125,Middle,2796.9710464787,1.2125,0.140625,0.02823125,0.0850391615689871,0.0413978494623656,3.31450625,0.842184116434536,0.306720430107527,33.71783,-118.33175
3 Palms East,3.99807735790523,14.1801503910276,0.478640002496216,17.9932584269663,21.6,14.98125,Outer,2612.71280944739,0.638541666666667,0.0458333333333333,0.05241875,0.135283920876359,0.0821236559139785,3.37504375,0.640971693056103,0.336290322580645,33.71666,-118.33317
3 Palms East,3.99807735790523,14.1801503910276,0.478640002496216,17.9932584269663,21.6,14.98125,Deep,2334.88986608606,0.065625,0.0395833333333333,0.01008125,0.0424417111410119,0.0196236559139785,3.4799,0.837523538030356,0.397043010752688,33.71402,-118.3341
3 Palms West,3.62239570962952,14.1801503910276,0.478640002496216,18.2539877300614,21.6,14.98125,Outer,2580.22479516888,0.448958333333333,0.0385416666666667,0.00806875,0.0300089034715962,0.0153225806451613,3.54231875,0.646832400065328,0.230510752688172,33.718,-118.33583
3 Palms West,3.62239570962952,14.1801503910276,0.478640002496216,18.2539877300614,21.6,14.98125,Deep,2335.4548928281,0.0177083333333333,0.009375,0.01411875,0.0648923738943587,0.0276881720430108,3.09270625,1.02705169309394,0.500537634408602,33.71583,-118.33673
3 Palms West,3.62239570962952,14.1801503910276,0.478640002496216,18.2539877300614,21.6,14.98125,Inner,2927.84128889537,1.89479166666667,0.198958333333333,0.04636875,0.0657424063600358,0.0505376344086022,3.64725,0.56468811122344,0.281048387096774,33.72071,-118.33393
3 Palms West,3.62239570962952,14.1801503910276,0.478640002496216,18.2539877300614,21.6,14.98125,Middle,2775.32980825563,1.51041666666667,0.132291666666667,0.09879375,0.193035002466581,0.134408602150538,3.32659375,0.890588972276394,0.430376344086022,33.71957,-118.33485
Albondigas,3.63095679318195,9.77164451099614,0.478860952930856,17.9697580645161,21.975,14.25,Inner,2260.72607172919,3.81666666666667,0.639393939393939,0.362177272727273,0.410510823551734,0.326979472140762,3.94283636363636,0.192787693184931,0.0808406647116325,33.75066,-118.41537
Albondigas,3.63095679318195,9.77164451099614,0.478860952930856,17.9697580645161,21.975,14.25,Middle,2196.97621628125,1.27777777777778,0.243518518518519,0.225788888888889,0.358124602711847,0.224372759856631,3.78318888888889,0.487733448413845,0.20310633213859,33.75037,-118.41598
Albondigas,3.63095679318195,9.77164451099614,0.478860952930856,17.9697580645161,21.975,14.25,Outer,2057.77932337662,0.321296296296296,0.062962962962963,0.30285,0.383149632960215,0.274193548387097,3.85660555555556,0.2258049441724,0.0878136200716846,33.74986,-118.41745
Bunker Point,4.61484076050431,10.2069465595911,0.780742643896155,18.075,21.80625,15.91875,Inner,2599.73853318601,4.46354166666667,0.564583333333333,0.1250125,0.196751470686862,0.14005376344086,3.79639375,0.414685616037044,0.19260752688172,33.72619,-118.35291
Bunker Point,4.61484076050431,10.2069465595911,0.780742643896155,18.075,21.80625,15.91875,Middle,2502.22437834966,1.57916666666667,0.169791666666667,0.13508125,0.27652689113237,0.19247311827957,3.8891625,0.347768570659827,0.119489247311828,33.72547,-118.35383
Bunker Point,4.61484076050431,10.2069465595911,0.780742643896155,18.075,21.80625,15.91875,Outer,2402.05552461228,0.7625,0.0645833333333333,0.05846875,0.0789453661729567,0.0532258064516129,3.40123125,0.976163002104388,0.376344086021505,33.72461,-118.35418
Bunker Point,4.61484076050431,10.2069465595911,0.780742643896155,18.075,21.80625,15.91875,Deep,2267.94632797238,0.0239583333333333,0.00520833333333333,0.05445,0.119736832776926,0.0724462365591398,3.05849375,0.994597966858969,0.453091397849462,33.72336,-118.35413
Burial Grounds,4.39980311425733,12.1784798613713,0.678161841752082,17.9289473684211,21.225,15.1125,Inner,2693.13812285908,0.925,0.11875,0.09475625,0.108830457623006,0.0768817204301075,3.69353125,0.448612043242375,0.123387096774194,33.7253,-118.34707
Burial Grounds,4.39980311425733,12.1784798613713,0.678161841752082,17.9289473684211,21.225,15.1125,Middle,2608.47544188118,1.8625,0.135416666666667,0.10484375,0.156137505281063,0.100806451612903,3.48388125,0.7498171460511,0.253897849462366,33.72463,-118.34751
Burial Grounds,4.39980311425733,12.1784798613713,0.678161841752082,17.9289473684211,21.225,15.1125,Outer,2477.4137774842,0.716666666666667,0.0572916666666667,0.0322625,0.0811785708311298,0.0520161290322581,3.6048375,0.800502040718844,0.304301075268817,33.72339,-118.3477
Burial Grounds,4.39980311425733,12.1784798613713,0.678161841752082,17.9289473684211,21.225,15.1125,Deep,2333.62468556817,0.05625,0.00833333333333333,0.0121,0.0437492315376118,0.0185483870967742,3.0786875,1.05387529877279,0.464381720430108,33.72225,-118.34844
Cairns,3.76475142099888,16.4835190068905,0.387574839418649,17.8298507462687,21.6375,14.7375,Inner,3649.89433806698,3.20520833333333,0.376041666666667,0.0826625,0.169110911298402,0.125268817204301,3.8306125,0.362285897537045,0.191263440860215,33.711328,-118.307944
Cairns,3.76475142099888,16.4835190068905,0.387574839418649,17.8298507462687,21.6375,14.7375,Middle,3949.77339833984,1.98958333333333,0.158333333333333,0.01411875,0.0458180534129083,0.0255376344086022,3.056475,1.0570387196662,0.541666666666667,33.712387,-118.304624
Cairns,3.76475142099888,16.4835190068905,0.387574839418649,17.8298507462687,21.6375,14.7375,Outer,3228.06804854616,0.760416666666667,0.1,0.008075,0.0359889992655753,0.0119623655913979,3.5766375,0.60853415500505,0.267876344086022,33.707537,-118.309844
Cape Point,4.12497352889992,13.1489779448564,0.462107369278913,18.0854304635762,21.675,15.09375,Inner,2810.03834760957,1.0375,0.119791666666667,0.01815,0.0614262432950775,0.0333333333333333,3.6996375,0.629681707532187,0.245967741935484,33.72241,-118.33922
Cape Point,4.12497352889992,13.1489779448564,0.462107369278913,18.0854304635762,21.675,15.09375,Middle,2685.91002289156,2.80520833333333,0.2125,0.03428125,0.11108955515304,0.059005376344086,3.44556875,0.739588716657509,0.328225806451613,33.7217,-118.34034
Cape Point,4.12497352889992,13.1489779448564,0.462107369278913,18.0854304635762,21.675,15.09375,Outer,2531.58584369018,1.88541666666667,0.147916666666667,0.01815,0.0625328036325346,0.0338709677419355,3.47578125,0.845813701050867,0.371774193548387,33.720286,-118.340831
Cape Point,4.12497352889992,13.1489779448564,0.462107369278913,18.0854304635762,21.675,15.09375,Deep,2336.46191546542,0.01875,0.00729166666666667,0.0201625,0.0751046607869011,0.0311827956989247,3.48789375,0.709446678266949,0.325806451612903,33.71849,-118.34147
Christmas Tree Cove,3.81083634465107,12.9780708009076,0.572691061286746,17.8697395476354,22.4571428571429,14.1857142857143,Inner,3119.01120911482,6.67962962962963,0.989814814814815,0.0394333333333333,0.106607380089699,0.0678614097968937,3.3477,0.63401190328503,0.455555555555556,33.76375,-118.42169
Christmas Tree Cove,3.81083634465107,12.9780708009076,0.572691061286746,17.8697395476354,22.4571428571429,14.1857142857143,Middle,2848.26755748242,3.74895833333333,0.757291666666667,0.19959375,0.223115711692169,0.175134408602151,3.64721875,0.536181546195888,0.333198924731183,33.76091,-118.42167
Christmas Tree Cove,3.81083634465107,12.9780708009076,0.572691061286746,17.8697395476354,22.4571428571429,14.1857142857143,Outer,2760.77356483341,1.45416666666667,0.327083333333333,0.13911875,0.220189177139671,0.157123655913979,3.52823125,0.657711151376196,0.411290322580645,33.76022,-118.42214
Flat Rock North,3.95905172388362,7.99652081837637,1.35408896027837,17.6012658227848,22.021875,14.2875,Inner,3622.31058155788,4.45520833333333,0.815625,0.08065625,0.124051637893795,0.0690860215053764,3.467775,0.643050455597384,0.411424731182796,33.80039,-118.40649
Flat Rock North,3.95905172388362,7.99652081837637,1.35408896027837,17.6012658227848,22.021875,14.2875,Middle,3491.94590262533,3.08020833333333,0.541666666666667,0.0322625,0.0655894839690366,0.0513440860215054,3.07056875,0.792478799731496,0.575940860215054,33.80157,-118.40695
Flat Rock South,4.52121516734631,10.6686709565471,1.01895349085346,17.5347826086957,21.665625,14.278125,Inner,3691.90297113896,3.39479166666667,0.74375,0.25000625,0.347835066184873,0.262634408602151,3.59675625,0.542108058544795,0.36989247311828,33.796541,-118.411313
Flat Rock South,4.52121516734631,10.6686709565471,1.01895349085346,17.5347826086957,21.665625,14.278125,Middle,3615.24407773044,2.25833333333333,0.335416666666667,0.05241875,0.100520876652612,0.0615591397849463,3.30451875,0.837746361039387,0.454166666666667,33.7964,-118.413082
Flat Rock South,4.52121516734631,10.6686709565471,1.01895349085346,17.5347826086957,21.665625,14.278125,Outer,3593.84295940448,0.495833333333333,0.0635416666666667,0.04638125,0.168268619884778,0.0873655913978495,3.34675,0.721027063189654,0.475134408602151,33.795,-118.41655
Hawthorne Reef,3.52539492738301,9.77164451099614,0.478860952930856,17.8858695652174,21.975,14.25,Inner,2013.95180723457,5.48981481481482,0.797222222222222,0.1147,0.278965156903534,0.168100358422939,3.74191666666667,0.561470721515438,0.266188769414576,33.74721,-118.41535
Hawthorne Reef,3.52539492738301,9.77164451099614,0.478860952930856,17.8858695652174,21.975,14.25,Middle,1917.22884649312,3.22604166666667,0.570833333333333,0.01815,0.0724506146126081,0.0349462365591398,3.8205625,0.449898707834475,0.206586021505376,33.74698,-118.41649
Hawthorne Reef,3.52539492738301,9.77164451099614,0.478860952930856,17.8858695652174,21.975,14.25,Outer,1841.54955134586,0.782291666666667,0.185416666666667,0.06250625,0.186875252874562,0.0973118279569893,3.6896125,0.649121095648386,0.307258064516129,33.74704,-118.41763
Hawthorne Reef,3.52539492738301,9.77164451099614,0.478860952930856,17.8858695652174,21.975,14.25,Deep,1633.92560197045,0.00416666666666667,0.00208333333333333,0.29233125,0.434029389731483,0.319623655913979,3.7339,0.453808506236934,0.263172043010753,33.74682,-118.42034
Hermosa Beach AR - Giants,6.61789344860974,17.7632577765163,1.75576466281201,18.1682926829268,22.0285714285714,15,ARM,2834.25682981147,0,0,0.0215055555555556,0.0661990247611375,0.0399044205495819,2.86733888888889,1.03406379386573,0.577538829151732,33.853633,-118.412946
KOU Rock,4.25985870253054,16.0978992418287,0.458079897752388,17.8608938547486,22.0875,14.79375,Inner,2966.34606335343,4.76666666666667,0.686458333333333,0.11895,0.173433557848976,0.102688172043011,3.6713875,0.535957428488684,0.34247311827957,33.72551,-118.34166
KOU Rock,4.25985870253054,16.0978992418287,0.458079897752388,17.8608938547486,22.0875,14.79375,Middle,2708.32300670625,3.01875,0.433333333333333,0.0705625,0.0359889992655753,0.0220430107526882,3.3165375,0.770732458209954,0.502822580645161,33.72017,-118.33735
KOU Rock,4.25985870253054,16.0978992418287,0.458079897752388,17.8608938547486,22.0875,14.79375,Outer,2376.99737175299,0.5125,0.144791666666667,0.53024375,0.546105244240111,0.464650537634409,3.90728125,0.284446984758185,0.109543010752688,33.71762,-118.3392
KOU Rock,4.25985870253054,16.0978992418287,0.458079897752388,17.8608938547486,22.0875,14.79375,Deep,2300.56829115452,0.0114583333333333,0.00729166666666667,0.0161375,0.0680677561071123,0.0311827956989247,3.20165,0.869717062972655,0.450403225806452,33.71699,-118.33955
Long Point East,3.29344727017186,9.88852803965957,0.617200716542603,18.0543238993711,22.125,15.16875,Inner,1847.04872153417,3.83020833333333,0.498958333333333,0.6209625,0.517650222587055,0.447715053763441,3.8790625,0.280096447867672,0.169086021505376,33.73594,-118.40048
Long Point East,3.29344727017186,9.88852803965957,0.617200716542603,18.0543238993711,22.125,15.16875,Middle,1791.11912173548,3.503125,0.557291666666667,0.31854375,0.445345517115452,0.319623655913979,3.70975625,0.582825159335695,0.27741935483871,33.73572,-118.40135
Long Point East,3.29344727017186,9.88852803965957,0.617200716542603,18.0543238993711,22.125,15.16875,Outer,1748.9097393342,0.353125,0.1625,0.32861875,0.370485247515524,0.281182795698925,3.36493125,0.758958622230273,0.463709677419355,33.73545,-118.40175
Long Point East,3.29344727017186,9.88852803965957,0.617200716542603,18.0543238993711,22.125,15.16875,Deep,1558.22818045372,0,0,0.4778375,0.485887161178278,0.358870967741936,3.5806875,0.683617305698337,0.33252688172043,33.73401,-118.40297
Long Point West,3.64057280088363,9.22195713296749,0.916401379939791,18.0104651162791,21.05625,15.69375,Inner,1886.55959252274,4.40625,0.598958333333333,0.48788125,0.488895944278237,0.413440860215054,3.85284375,0.37574747746458,0.182258064516129,33.73722,-118.40324
Long Point West,3.64057280088363,9.22195713296749,0.916401379939791,18.0104651162791,21.05625,15.69375,Middle,1892.95976482658,4.64166666666667,0.822916666666667,0.72783125,0.569927212884579,0.442876344086022,3.7016375,0.586734215650683,0.307258064516129,33.73732,-118.4034
Lunada Bay,3.19666029576347,11.1736044518235,0.589476433709025,17.7865591397849,22.2428571428571,14.2071428571429,Deep,2675.42588829303,0.0708333333333333,0.0197916666666667,0.114925,0.140626427888129,0.0903225806451613,3.5544375,0.63392245785843,0.366666666666667,33.770455,-118.436903
Lunada Bay,3.19666029576347,11.1736044518235,0.589476433709025,17.7865591397849,22.2428571428571,14.2071428571429,Inner,3420.27254436802,6.4625,0.820833333333333,0.0423375,0.0881574937062734,0.0661290322580645,3.7842875,0.417726171133957,0.272849462365591,33.771011,-118.427236
Lunada Bay,3.19666029576347,11.1736044518235,0.589476433709025,17.7865591397849,22.2428571428571,14.2071428571429,Middle,3250.59652459509,4.25,0.636458333333333,0.13105,0.248898819247021,0.156451612903226,3.62700625,0.550310555972263,0.32997311827957,33.771893,-118.430377
Lunada Bay,3.19666029576347,11.1736044518235,0.589476433709025,17.7865591397849,22.2428571428571,14.2071428571429,Outer,3045.72547080259,0.871875,0.104166666666667,0.320575,0.292769987776611,0.234139784946237,3.57861875,0.488893389006801,0.321774193548387,33.770888,-118.432239
Marguerite East,3.60344722972157,10.6141559114367,0.608360364435438,17.7686440677966,21.45,14.3571428571429,Inner,2560.61702854685,5.20833333333333,0.989583333333333,0.3870875,0.453791371953763,0.308870967741936,3.7681125,0.383162215179911,0.245564516129032,33.75553,-118.41683
Marguerite East,3.60344722972157,10.6141559114367,0.608360364435438,17.7686440677966,21.45,14.3571428571429,Middle,2533.61344419129,2.91666666666667,0.572916666666667,0.16330625,0.317147973485342,0.20752688172043,3.60894375,0.592438138316901,0.344220430107527,33.75555,-118.41734
Marguerite West,3.60344722972157,10.6141559114367,0.608360364435438,17.7686440677966,21.45,14.3571428571429,Inner,2704.12717506504,5.528125,1.02916666666667,0.29234375,0.307852696617455,0.232123655913979,3.8245875,0.369512888447854,0.198655913978495,33.75828,-118.41891
Marguerite West,3.60344722972157,10.6141559114367,0.608360364435438,17.7686440677966,21.45,14.3571428571429,Middle,2689.39788109409,3.51875,0.564583333333333,0.10080625,0.149745777561886,0.0956989247311828,3.67540625,0.455411770096563,0.311827956989247,33.75819,-118.41904
Marguerite West,3.60344722972157,10.6141559114367,0.608360364435438,17.7686440677966,21.45,14.3571428571429,Outer,2590.41789941795,0.996875,0.126041666666667,0.10283125,0.168548789775241,0.121639784946237,3.685475,0.469129684442838,0.296774193548387,33.75742,-118.41958
Marina del Rey AR - F,4.61713678852747,11.3141222883388,1.78946263301699,17.4359154929577,21.0375,15.09375,ARM,9920.80511175325,0,0,0.46974375,0.393827160289633,0.311827956989247,3.65524375,0.601417056113839,0.259139784946237,33.967623,-118.486681
Marina del Rey AR - F,4.61713678852747,11.3141222883388,1.78946263301699,17.4359154929577,21.0375,15.09375,ARM,9920.09269092031,0,0,0.46974375,0.393827160289633,0.311827956989247,3.65524375,0.601417056113839,0.259139784946237,33.967623,-118.486681
Marina del Rey AR - F,4.61713678852747,11.3141222883388,1.78946263301699,17.4359154929577,21.0375,15.09375,ARM,9920.80511175325,0,0,0.46974375,0.393827160289633,0.311827956989247,3.65524375,0.601417056113839,0.259139784946237,33.96757,-118.48665
Marina del Rey AR - F,4.61713678852747,11.3141222883388,1.78946263301699,17.4359154929577,21.0375,15.09375,ARM,9920.09269092031,0,0,0.46974375,0.393827160289633,0.311827956989247,3.65524375,0.601417056113839,0.259139784946237,33.96757,-118.48665
Marina del Rey AR - I,4.61713678852747,11.3141222883388,1.78946263301699,17.4359154929577,21.0375,15.09375,ARM,10048.5614807912,0,0,0.29034375,0.341051859326341,0.273655913978495,3.5101375,0.763747192701724,0.335887096774194,33.968595,-118.485784
Marina del Rey AR - I,4.61713678852747,11.3141222883388,1.78946263301699,17.4359154929577,21.0375,15.09375,ARM,10045.7785327216,0,0,0.29034375,0.341051859326341,0.273655913978495,3.5101375,0.763747192701724,0.335887096774194,33.968595,-118.485784
Marina del Rey AR - I,4.61713678852747,11.3141222883388,1.78946263301699,17.4359154929577,21.0375,15.09375,ARM,10048.5614807912,0,0,0.29034375,0.341051859326341,0.273655913978495,3.5101375,0.763747192701724,0.335887096774194,33.96853,-118.48577
Marina del Rey AR - I,4.61713678852747,11.3141222883388,1.78946263301699,17.4359154929577,21.0375,15.09375,ARM,10045.7785327216,0,0,0.29034375,0.341051859326341,0.273655913978495,3.5101375,0.763747192701724,0.335887096774194,33.96853,-118.48577
Marina del Rey AR - K,4.61713678852747,11.3141222883388,1.78946263301699,17.4359154929577,21.0375,15.09375,ARM,9951.13816923541,0,0,0.24394375,0.377846434356993,0.292876344086022,3.340725,0.815367301491617,0.41505376344086,33.969027,-118.487374
Marina del Rey AR - K,4.61713678852747,11.3141222883388,1.78946263301699,17.4359154929577,21.0375,15.09375,ARM,9934.8954589211,0,0,0.24394375,0.377846434356993,0.292876344086022,3.340725,0.815367301491617,0.41505376344086,33.969027,-118.487374
Marina del Rey AR - K,4.61713678852747,11.3141222883388,1.78946263301699,17.4359154929577,21.0375,15.09375,ARM,9951.13816923541,0,0,0.24394375,0.377846434356993,0.292876344086022,3.340725,0.815367301491617,0.41505376344086,33.96892,-118.4875
Marina del Rey AR - K,4.61713678852747,11.3141222883388,1.78946263301699,17.4359154929577,21.0375,15.09375,ARM,9934.8954589211,0,0,0.24394375,0.377846434356993,0.292876344086022,3.340725,0.815367301491617,0.41505376344086,33.96892,-118.4875
Old 18th,4.39980311425733,12.1784798613713,0.678161841752082,17.9289473684211,21.225,15.1125,Deep,2313.21687124557,,,0,0,0,1.23186875,0.442152334492963,0.131451612903226,33.72077,-118.34585
Old 18th,4.39980311425733,12.1784798613713,0.678161841752082,17.9289473684211,21.225,15.1125,Outer,2518.11184615307,,,0.00806875,0.0380588526355161,0.0158602150537635,2.70570625,1.16424927962665,0.425537634408602,33.72218,-118.3444
Old 18th,4.39980311425733,12.1784798613713,0.678161841752082,17.9289473684211,21.225,15.1125,Middle,2661.47823326771,,,0.00201875,0.0112253313766734,0.00403225806451613,3.32865,1.02776414943785,0.355645161290323,33.72322,-118.34348
Old 18th,4.39980311425733,12.1784798613713,0.678161841752082,17.9289473684211,21.225,15.1125,Inner,2762.33817799201,,,0.0423375,0.127951112942723,0.0774193548387097,3.1653125,1.00647951770495,0.376209677419355,33.72395,-118.34283
Old Marineland,3.64057280088363,9.22195713296749,0.916401379939791,18.0104651162791,21.05625,15.69375,Inner,2181.13047048734,4.02352941176471,0.740196078431373,0.14314375,0.24659014969621,0.171102150537634,3.7641125,0.38757765002248,0.229569892473118,33.73738,-118.39501
Point Fermin,4.33884395777219,13.2715413333072,0.704758247900458,17.8881818181818,21.3375,15.6,Inner,3927.27390862148,0.988541666666667,0.182291666666667,0.4415375,0.0764080762840642,0.05,3.8810375,0.245033025885487,0.159408602150538,33.70652,-118.29738
Point Fermin,4.33884395777219,13.2715413333072,0.704758247900458,17.8881818181818,21.3375,15.6,Middle,3814.96355981223,1.721875,0.236458333333333,0.03428125,0.114601577367092,0.0637096774193549,3.334625,0.84721498218677,0.503360215053763,33.70565,-118.298
Point Fermin,4.33884395777219,13.2715413333072,0.704758247900458,17.8881818181818,21.3375,15.6,Outer,3697.33643811207,0.927083333333333,0.0802083333333333,0.01815625,0.0712431383198658,0.0346774193548387,3.199625,0.809009042411481,0.463037634408602,33.70471,-118.29859
Portuguese Bend,3.96129362854152,10.7621805637143,0.533098164193877,17.8453846153846,21.80625,15.39375,Inner,2867.33209425718,3.953125,0.4625,0.08669375,0.170960252535775,0.111290322580645,3.9092875,0.257244946764081,0.098252688172043,33.729157,-118.356351
Portuguese Bend,3.96129362854152,10.7621805637143,0.533098164193877,17.8453846153846,21.80625,15.39375,Middle,2841.51817039518,1.62291666666667,0.145833333333333,0.10484375,0.21353459710658,0.146774193548387,3.73995625,0.550856816707088,0.198924731182796,33.728988,-118.357135
Portuguese Bend,3.96129362854152,10.7621805637143,0.533098164193877,17.8453846153846,21.80625,15.39375,Outer,2588.85981529423,0.204166666666667,0.0197916666666667,0.0322625,0.087295925265627,0.0483870967741936,3.84074375,0.40406412075039,0.136021505376344,33.726765,-118.357813
Portuguese Bend,3.96129362854152,10.7621805637143,0.533098164193877,17.8453846153846,21.80625,15.39375,Deep,2386.63424830766,0.003125,0.00104166666666667,0.040325,0.110921548917891,0.0620967741935484,3.26815,0.661939700044134,0.404838709677419,33.725097,-118.358924
Portuguese Point,4.64093484117108,16.7099892320107,0.700502682462922,17.8444029850746,22.1678571428571,14.1857142857143,Inner,2985.05454640246,4.15729166666667,0.698958333333333,0.94354375,0.64321913815072,0.484005376344086,3.9234125,0.203609951806346,0.10994623655914,33.736726,-118.375657
Portuguese Point,4.64093484117108,16.7099892320107,0.700502682462922,17.8444029850746,22.1678571428571,14.1857142857143,Middle,2985.05454640246,2.47916666666667,0.425,0.17944375,0.152436413474626,0.0825268817204301,3.77224375,0.531015995254185,0.206989247311828,33.736726,-118.375657
Portuguese Point,4.64093484117108,16.7099892320107,0.700502682462922,17.8444029850746,22.1678571428571,14.1857142857143,Outer,2878.16118274496,0.278125,0.0625,0.641125,0.454620367318176,0.376209677419355,3.828625,0.441125821264515,0.132123655913979,33.735499,-118.375218
Resort Point,3.54286345110064,11.1736044518235,0.589476433709025,17.8751908396947,22.2428571428571,14.2071428571429,Inner,3080.14553228046,5.4875,0.68125,0.21975,0.194029645832551,0.141129032258065,3.7560375,0.402945067247437,0.249731182795699,33.766342,-118.425866
Resort Point,3.54286345110064,11.1736044518235,0.589476433709025,17.8751908396947,22.2428571428571,14.2071428571429,Middle,3027.99513572039,4.05416666666667,0.81875,0.35886875,0.299405246379928,0.241129032258065,3.6310375,0.470488281657621,0.310483870967742,33.766611,-118.427248
Resort Point,3.54286345110064,11.1736044518235,0.589476433709025,17.8751908396947,22.2428571428571,14.2071428571429,Outer,2975.77293351089,1.209375,0.175,0.67336875,0.421920451764937,0.338440860215054,3.54435625,0.542991879064404,0.352822580645161,33.76687,-118.42871
Resort Point,3.54286345110064,11.1736044518235,0.589476433709025,17.8751908396947,22.2428571428571,14.2071428571429,Deep,2902.48744188435,0.155208333333333,0.0416666666666667,0.47984375,0.42738349650461,0.314650537634409,3.5423125,0.62107050869937,0.301478494623656,33.76631,-118.42913
Ridges North,3.73484613661983,12.896124755351,0.727604948884141,17.5768248175182,22.40625,14.45625,Inner,4218.50121266954,5.62651515151515,0.932575757575757,0.258063636363636,0.366032685295076,0.260410557184751,3.68182727272727,0.542131989968924,0.364613880742913,33.78707,-118.42048
Ridges North,3.73484613661983,12.896124755351,0.727604948884141,17.5768248175182,22.40625,14.45625,Middle,4072.78149785593,3.77685185185185,0.521296296296296,0.23835,0.383249943526332,0.258303464755078,3.60752777777778,0.678367521971017,0.341696535244922,33.78705,-118.42268
Ridges North,3.73484613661983,12.896124755351,0.727604948884141,17.5768248175182,22.40625,14.45625,Outer,3854.27656788349,1.05462962962963,0.112037037037037,0.17025,0.23362984680424,0.166308243727599,3.55202222222222,0.646550008902148,0.412664277180406,33.78845,-118.42434
Ridges North,3.73484613661983,12.896124755351,0.727604948884141,17.5768248175182,22.40625,14.45625,Deep,3459.32424747241,0.00277777777777778,0.00277777777777778,0.175633333333333,0.282407273623231,0.212903225806452,3.50900555555556,0.594481363740448,0.446714456391876,33.79015,-118.42836
Ridges South,3.7196471985238,12.896124755351,0.727604948884141,17.5778608027327,22.40625,14.45625,Inner,4247.29303000987,4.47916666666667,0.611458333333333,0.2520125,0.271464818326093,0.187365591397849,3.82465625,0.337620618723323,0.211962365591398,33.78398,-118.42385
Ridges South,3.7196471985238,12.896124755351,0.727604948884141,17.5778608027327,22.40625,14.45625,Middle,4092.19968751888,3.46354166666667,0.409375,0.11694375,0.218293748721512,0.177150537634409,3.34481875,0.813631473898033,0.43508064516129,33.785091,-118.424872
Ridges South,3.7196471985238,12.896124755351,0.727604948884141,17.5778608027327,22.40625,14.45625,Outer,3949.01181357722,0.852083333333333,0.0552083333333333,0.12903125,0.240804253490875,0.165860215053763,3.3347375,0.83560786213523,0.430376344086021,33.786182,-118.425727
Ridges South,3.7196471985238,12.896124755351,0.727604948884141,17.5778608027327,22.40625,14.45625,Deep,3591.06828737254,0.0604166666666667,0.0104166666666667,0.06855625,0.108514188153843,0.0884408602150538,3.30643125,0.646854380813015,0.456720430107527,33.78786,-118.429328
Rocky Point South,3.12801279162456,7.57409780266349,0.866315578474602,17.66,21.8571428571429,14.2714285714286,Inner,3447.56361128004,3.84375,0.457291666666667,0.0483875,0.120598219672845,0.0830645161290323,3.812525,0.298398946991745,0.189516129032258,33.774402,-118.430012
Rocky Point South,3.12801279162456,7.57409780266349,0.866315578474602,17.66,21.8571428571429,14.2714285714286,Middle,3396.35625070141,2.70520833333333,0.259375,0.1854875,0.278160348425129,0.193817204301075,3.6391375,0.604818694988493,0.379166666666667,33.775087,-118.431392
Rocky Point South,3.12801279162456,7.57409780266349,0.866315578474602,17.66,21.8571428571429,14.2714285714286,Outer,3430.20753039058,1.76770833333333,0.330208333333333,0.08468125,0.152206814701204,0.108467741935484,3.584675,0.670447545138927,0.402822580645161,33.77638,-118.43224
Rocky Point South,3.12801279162456,7.57409780266349,0.866315578474602,17.66,21.8571428571429,14.2714285714286,Deep,3284.38149017432,0.180208333333333,0.0333333333333333,0.114925,0.215103745684365,0.147311827956989,3.487875,0.718164763411269,0.382930107526882,33.77763,-118.43553
Santa Monica AR - A,5.68941273441718,11.5922956536558,2.40615265538025,17.1940677966102,20.9357142857143,14.0357142857143,ARM,9813.01187000028,0,0,0.00461428571428572,0.0256579002895393,0.00921658986175116,2.81147142857143,0.87317363054891,0.523041474654378,34.00957,-118.53036
Santa Monica AR - B,5.68941273441718,11.5922956536558,2.40615265538025,17.1940677966102,20.9357142857143,14.0357142857143,ARM,9741.41267546044,0,0,0.145171428571429,0.260449985310737,0.190168970814132,2.73273571428571,1.20880330617993,0.489554531490015,34.009324,-118.531234
Santa Monica AR - C,5.68941273441718,11.5922956536558,2.40615265538025,17.1940677966102,20.9357142857143,14.0357142857143,ARM,9728.89589114775,0,0,0.292628571428571,0.39098708045879,0.315207373271889,3.14053571428571,1.18819949263404,0.382027649769585,34.008944,-118.530878
SCAI - Bird Rock,1.60948190549549,7.43641837307849,0.247141359202731,18.5669225401256,22.78125,14.90625,Inner,1052.43276538607,0.508333333333333,0.134722222222222,0.591375,0.52759919369352,0.338709677419355,3.98923333333333,0.059868434008925,0.0161290322580645,33.45181,-118.48762
SCAI - Bird Rock,1.60948190549549,7.43641837307849,0.247141359202731,18.5669225401256,22.78125,14.90625,Middle,1040.89732629191,1.0625,0.179166666666667,1.28493333333333,0.46913306356805,0.311648745519713,3.98924166666667,0.0400118712954616,0.0204301075268817,33.45201,-118.48766
SCAI - Bird Rock,1.60948190549549,7.43641837307849,0.247141359202731,18.5669225401256,22.78125,14.90625,Outer,1008.19663326624,1.51944444444444,0.233333333333333,0.4597,0.417423528332498,0.283333333333333,3.567275,0.683772311339926,0.399283154121864,33.45227,-118.48746
SCAI - Bird Rock,1.60948190549549,7.43641837307849,0.247141359202731,18.5669225401256,22.78125,14.90625,Deep,714.413767657336,0.148611111111111,0.0152777777777778,0.948933333333333,0.443004397967315,0.376344086021505,3.72573333333333,0.402143369190028,0.267741935483871,33.4565,-118.48719
SCAI - Blue Cavern,1.77248211105951,5.90208224669068,0.22053764144765,18.4522727272727,22.95,15,Inner,787.131615536223,2.96388888888889,0.4375,0.290333333333333,0.41395779197186,0.31236559139785,3.2929,0.758482564373518,0.556989247311828,33.44789,-118.479209
SCAI - Blue Cavern,1.77248211105951,5.90208224669068,0.22053764144765,18.4522727272727,22.95,15,Middle,785.543235459671,4.86944444444444,0.686111111111111,0.0537666666666667,0.170218317389339,0.0896057347670251,2.75543333333333,0.687071158927108,0.506989247311828,33.448012,-118.479363
SCAI - Blue Cavern,1.77248211105951,5.90208224669068,0.22053764144765,18.4522727272727,22.95,15,Outer,752.848782452856,1.30277777777778,0.229166666666667,0.166666666666667,0,0,2.217725,0.401325840901501,0.328494623655914,33.44832,-118.47926
SCAI - Hen Rock,2.30529453308013,9.46302261693606,0.23028720141985,18.1408163265306,22.0875,15.50625,Inner,1774.6487970702,0,0,0.572575,0.469985535822124,0.359498207885305,3.69084166666667,0.262646182380143,0.204659498207885,33.39965,-118.36704
SCAI - Hen Rock,2.30529453308013,9.46302261693606,0.23028720141985,18.1408163265306,22.0875,15.50625,Middle,1768.98775541509,0,0,0.537608333333334,0.507524009229474,0.388172043010753,3.67746666666667,0.78116973914823,0.246415770609319,33.3995,-118.36656
SCAI - Hen Rock,2.30529453308013,9.46302261693606,0.23028720141985,18.1408163265306,22.0875,15.50625,Outer,1715.91261860296,0.0152777777777778,0.00277777777777778,0.524208333333333,0.532385829108336,0.422043010752688,3.34955,0.850954844684797,0.409677419354839,33.39976,-118.36589
SCAI - Italian Gardens,1.47537130066699,5.74743208025722,0.254086923896811,18.1225,21.6375,14.86875,Inner,1276.90653710789,0.288888888888889,0.1,0.163991666666667,0.281549333317435,0.209677419354839,3.48925,0.609971182750469,0.370609318996416,33.410466,-118.375529
SCAI - Italian Gardens,1.47537130066699,5.74743208025722,0.254086923896811,18.1225,21.6375,14.86875,Middle,1261.8087242537,0.977777777777778,0.231944444444444,0.0698916666666667,0.181608546073352,0.101792114695341,2.77959166666667,0.972907712945627,0.587634408602151,33.410608,-118.375491
SCAI - Italian Gardens,1.47537130066699,5.74743208025722,0.254086923896811,18.1225,21.6375,14.86875,Outer,1239.46110198846,0.361111111111111,0.111111111111111,0.094075,0.179866276851347,0.131182795698925,2.46508333333333,0.864806194968083,0.513440860215054,33.41085,-118.37549
SCAI - Ripper's Cove,,,,,,,Inner,1681.22655354467,0,0,0.263441666666667,0.341870252918364,0.24336917562724,3.57265,0.43964475388581,0.341935483870968,33.428407,-118.43587
SCAI - Ripper's Cove,,,,,,,Middle,1674.56211756446,0,0,0.30375,0.408407724551697,0.312544802867384,3.22316666666667,0.892869625685668,0.532437275985663,33.42817,-118.434778
Underwater Arch,3.42411786056484,9.77164451099614,0.478860952930856,17.8174342105263,21.975,14.25,Inner,2352.3612511771,1.29375,0.286458333333333,0.292325,0.286324753266926,0.223790322580645,3.8448,0.27620168093148,0.163440860215054,33.75204,-118.41554
Underwater Arch,3.42411786056484,9.77164451099614,0.478860952930856,17.8174342105263,21.975,14.25,Middle,2183.94967817515,1.12916666666667,0.259375,0.47781875,0.486570229688818,0.363575268817204,3.93548125,0.170877979298412,0.0685483870967742,33.751585,-118.41757
Underwater Arch,3.42411786056484,9.77164451099614,0.478860952930856,17.8174342105263,21.975,14.25,Outer,2129.48931801806,0.03125,0.009375,0.74194375,0.451525947229242,0.317069892473118,3.93749375,0.215986719737367,0.0611559139784947,33.751249,-118.418
Whites Point,3.82663791458497,9.23215430116518,0.626801680869967,17.592,21.01875,14.925,Inner,3153.0204745136,0.482291666666667,0.0916666666666667,0.1915375,0.1083132280947,0.0860215053763441,3.68141875,0.440043338845398,0.197715053763441,33.71574,-118.32253
Whites Point,3.82663791458497,9.23215430116518,0.626801680869967,17.592,21.01875,14.925,Middle,3053.03001025315,0.98125,0.15,0.0161375,0.0567305370093261,0.0268817204301075,3.4717625,0.690272115801361,0.328494623655914,33.7145,-118.32242
Whites Point,3.82663791458497,9.23215430116518,0.626801680869967,17.592,21.01875,14.925,Outer,2901.9948919357,1.08125,0.123958333333333,0.00201875,0.0112253313766734,0.00403225806451613,3.53020625,0.441395132042213,0.262634408602151,33.71385,-118.32404
SCAI - Iron Bound Cove,1.25398018580829,4.89675469835589,0.279353567997748,17.3608695652174,20.5285714285714,16.1571428571429,Inner,2698.03607823041,1.36388888888889,0.195833333333333,0.268816666666667,0.296223262024124,0.226164874551971,3.868275,0.225113499172364,0.176344086021505,33.44777,-118.57548
SCAI - Iron Bound Cove,1.25398018580829,4.89675469835589,0.279353567997748,17.3608695652174,20.5285714285714,16.1571428571429,Middle,2685.29957371828,2.75555555555556,0.304166666666667,0.346791666666667,0.456904620851148,0.403584229390681,3.77151666666667,0.25876860613085,0.237634408602151,33.44765,-118.57549
SCAI - Iron Bound Cove,1.25398018580829,4.89675469835589,0.279353567997748,17.3608695652174,20.5285714285714,16.1571428571429,Outer,2672.300447755,1.50277777777778,0.113888888888889,0.755375,0.396139636645207,0.343727598566308,3.57798333333333,0.646671960925526,0.285663082437276,33.44753,-118.5755079
Segovia,3.60344722972157,10.6141559114367,0.608360364435438,17.7686440677966,21.45,14.3571428571429,Inner,2949.69995354988,3.96666666666667,0.676190476190476,0.269585714285714,0.371526576645855,0.290322580645161,3.94932142857143,0.154506834251789,0.0695852534562212,33.762037,-118.422068
Segovia,3.60344722972157,10.6141559114367,0.608360364435438,17.7686440677966,21.45,14.3571428571429,Middle,2911.05555001774,3.4,0.535714285714286,0.2765,0.364995635865651,0.276497695852535,3.80415714285714,0.373894457372351,0.256221198156682,33.762981,-118.424034
Segovia,3.60344722972157,10.6141559114367,0.608360364435438,17.7686440677966,21.45,14.3571428571429,Outer,2807.01194028457,1.63333333333333,0.255952380952381,0.382485714285714,0.368071061615993,0.232258064516129,3.79723571428571,0.345723150457825,0.203072196620584,33.762048,-118.424467
Flat Rock North,3.95905172388362,7.99652081837637,1.35408896027837,17.6012658227848,22.021875,14.2875,Outer,3315.71900288288,0.95,0.0916666666666667,0,0,0,2.32265,0.836643334857852,0.641935483870968,33.802452,-118.408722
Children's Pool,4.18810449754381,12.3632684467959,1.21055198257144,18.1934210526316,22.36875,15.075,Inner,3204.55194076945,0.0233333333333333,0.00833333333333333,0.01935,0.0749193114344122,0.0249462365591398,3.43549,0.897323968434843,0.323655913978495,32.85057,-117.27765
Children's Pool,4.18810449754381,12.3632684467959,1.21055198257144,18.1934210526316,22.36875,15.075,Middle,3018.09699576257,0,0,0.01936,0.0477448415273642,0.0288172043010753,3.8097,0.535263510443367,0.141935483870968,32.85205,-117.27886
Children's Pool,4.18810449754381,12.3632684467959,1.21055198257144,18.1934210526316,22.36875,15.075,Outer,2801.34785633165,0.116666666666667,0.01,0,0,0,3.81944,0.466009132609143,0.200860215053763,32.85382,-117.2801
Crystal Cove,5.03588695267013,14.614728032006,0.858511460079413,18.2168674698795,21.99375,15.16875,Inner,2133.99063332921,0.00166666666666667,0.00166666666666667,0.33224,0.433977357575391,0.295483870967742,3.76457,0.601495311638919,0.176989247311828,33.56417,-117.83472
Crystal Cove,5.03588695267013,14.614728032006,0.858511460079413,18.2168674698795,21.99375,15.16875,Middle,2087.28924356986,0.05,0.0133333333333333,0.01936,0.0477448415273642,0.0288172043010753,3.43229,0.877214715216352,0.393548387096774,33.56409,-117.83563
Crystal Cove,5.03588695267013,14.614728032006,0.858511460079413,18.2168674698795,21.99375,15.16875,Outer,1943.92840564415,0.0116666666666667,0.005,0.73871,0.612224405360513,0.482795698924731,3.80004,0.484834354985103,0.179139784946237,33.56359,-117.83787
Dana Point,3.76954571198586,10.9887288983111,0.807431017148417,18.5411931818182,23.7,14.6571428571429,Inner,2731.61217456205,0.0133333333333333,0.00166666666666667,0.39032,0.18827429692205,0.136344086021505,3.68713,0.470913688379102,0.21247311827957,33.46043,-117.71784
Dana Point,3.76954571198586,10.9887288983111,0.807431017148417,18.5411931818182,23.7,14.6571428571429,Middle,3437.06595201337,0.12,0.02,0.00323,0.0179605302026775,0.00645161290322581,3.35812,0.972751970724327,0.414838709677419,33.47023,-117.72205
Dana Point,3.76954571198586,10.9887288983111,0.807431017148417,18.5411931818182,23.7,14.6571428571429,Outer,3065.01600807479,0.686666666666667,0.0983333333333333,0.13226,0.291794620864042,0.186666666666667,3.74195,0.514321770079618,0.27010752688172,33.46827,-117.72537
Escondido West,7.51163286596921,16.3984134210703,3.21420402521317,17.4029411764706,20.2125,14.79375,Inner,4776.74153327666,2.45833333333333,0.271666666666667,0.03548,0.108067704270744,0.0636559139784946,3.05806,1.10269600612274,0.495913978494624,34.022061,-118.774113
Escondido West,7.51163286596921,16.3984134210703,3.21420402521317,17.4029411764706,20.2125,14.79375,Middle,4699.60470619724,1.60166666666667,0.223333333333333,0,0,0,2.75805,1.0945204070813,0.625376344086022,34.020374,-118.77272
Heisler Park,4.35003917375999,13.5670688338032,0.6425692750298,18.4584507042254,22.8214285714286,14.1428571428571,Inner,2819.78035741346,1.30833333333333,0.148333333333333,0.15807,0.21243582373559,0.166021505376344,3.70643,0.696403971318718,0.212903225806452,33.54159,-117.79119
Heisler Park,4.35003917375999,13.5670688338032,0.6425692750298,18.4584507042254,22.8214285714286,14.1428571428571,Middle,2646.19998669306,2.73333333333333,0.53,0.29356,0.392820005458488,0.243225806451613,3.38385,0.696317860536737,0.430322580645161,33.54031,-117.79234
Heisler Park,4.35003917375999,13.5670688338032,0.6425692750298,18.4584507042254,22.8214285714286,14.1428571428571,Outer,2582.76356122312,1.61833333333333,0.0666666666666667,0.01291,0.0480142455545539,0.0245161290322581,2.80963,0.939059789956919,0.528817204301075,33.53984,-117.79276
Laguna Beach,4.99952623146668,15.1484439899403,1.09010347183134,18.6058823529412,22.4785714285714,14.9357142857143,Inner,2973.55984440839,0.105,0.02,0.00969,0.0396218686222429,0.0126881720430107,3.15489,0.876048501887535,0.355698924731183,33.53149,-117.77965
Laguna Beach,4.99952623146668,15.1484439899403,1.09010347183134,18.6058823529412,22.4785714285714,14.9357142857143,Middle,2890.40914464424,1.68166666666667,0.266666666666667,0.23871,0.366881506230842,0.236989247311828,3.14834,0.774698519592251,0.590752688172043,33.53128,-117.78057
Laguna Beach,4.99952623146668,15.1484439899403,1.09010347183134,18.6058823529412,22.4785714285714,14.9357142857143,Outer,2819.5595210657,1.23,0.095,0.01613,0.0520382402575014,0.0296774193548387,3.04519,0.835479907033415,0.566451612903226,33.53012,-117.78051
Lechuza,5.38790777917902,13.6733063767072,1.6761737104314,17.1444444444444,21.3214285714286,14.0142857142857,Inner,4419.74126286289,1.53166666666667,0.303333333333333,0.04838,0.142145414325568,0.0868817204301075,3.43547,0.789544815608571,0.267311827956989,34.03347,-118.862359
Lechuza,5.38790777917902,13.6733063767072,1.6761737104314,17.1444444444444,21.3214285714286,14.0142857142857,Middle,4221.13072808514,0.228333333333333,0.025,0.04515,0.140053381691008,0.0821505376344086,3.40327,0.855861824569836,0.456559139784946,34.03178,-118.86332
Leucadia,5.13910415245147,17.7218338072024,0.859855260295944,18.4258389261745,23.4428571428571,14.6357142857143,Inner,4946.29864989588,,,0,0,0,3.63226,0.774710368991289,0.230322580645161,33.06423,-117.30909
Leucadia,5.13910415245147,17.7218338072024,0.859855260295944,18.4258389261745,23.4428571428571,14.6357142857143,Middle,4876.1767313209,,,0.00323,0.0179605302026775,0.00645161290322581,3.6484,0.587139075927433,0.216344086021505,33.06522,-117.3107
Leucadia,5.13910415245147,17.7218338072024,0.859855260295944,18.4258389261745,23.4428571428571,14.6357142857143,Outer,4674.86392610953,,,0,0,0,3.92578,0.181840386232004,0.0825806451612903,33.06369,-117.31211
Little Dume West,5.02717634939506,16.028106125027,1.23412442645419,17.3130841121495,21.69375,13.875,Inner,2339.31358416767,2.54,0.25,0.15807,0.294774545783758,0.193978494623656,3.87098,0.257683629441184,0.104301075268817,34.00555,-118.79213
Little Dume West,5.02717634939506,16.028106125027,1.23412442645419,17.3130841121495,21.69375,13.875,Inner,2306.9861381224,2.54,0.25,0.15807,0.294774545783758,0.193978494623656,3.87098,0.257683629441184,0.104301075268817,34.00555,-118.79213
Little Dume West,5.02717634939506,16.028106125027,1.23412442645419,17.3130841121495,21.69375,13.875,Inner,2339.31358416767,2.54,0.25,0.15807,0.294774545783758,0.193978494623656,3.87098,0.257683629441184,0.104301075268817,34.00533,-118.792379
Little Dume West,5.02717634939506,16.028106125027,1.23412442645419,17.3130841121495,21.69375,13.875,Inner,2306.9861381224,2.54,0.25,0.15807,0.294774545783758,0.193978494623656,3.87098,0.257683629441184,0.104301075268817,34.00533,-118.792379
Little Dume West,5.02717634939506,16.028106125027,1.23412442645419,17.3130841121495,21.69375,13.875,Middle,2359.4445202409,0.526666666666667,0.0316666666666667,0.1129,0.115786357432087,0.0636559139784946,3.45485,0.827574415072454,0.319784946236559,34.00519,-118.79092
Little Dume West,5.02717634939506,16.028106125027,1.23412442645419,17.3130841121495,21.69375,13.875,Middle,2448.46583140658,0.526666666666667,0.0316666666666667,0.1129,0.115786357432087,0.0636559139784946,3.45485,0.827574415072454,0.319784946236559,34.00519,-118.79092
Little Dume West,5.02717634939506,16.028106125027,1.23412442645419,17.3130841121495,21.69375,13.875,Middle,2359.4445202409,0.526666666666667,0.0316666666666667,0.1129,0.115786357432087,0.0636559139784946,3.45485,0.827574415072454,0.319784946236559,34.00558,-118.789842
Little Dume West,5.02717634939506,16.028106125027,1.23412442645419,17.3130841121495,21.69375,13.875,Middle,2448.46583140658,0.526666666666667,0.0316666666666667,0.1129,0.115786357432087,0.0636559139784946,3.45485,0.827574415072454,0.319784946236559,34.00558,-118.789842
Little Dume West,5.02717634939506,16.028106125027,1.23412442645419,17.3130841121495,21.69375,13.875,Outer,2437.54929295933,0.02,0.0133333333333333,0.00968,0.0300537153518764,0.0180645161290323,3.10327,0.70045842252869,0.396129032258065,34.0038,-118.78711
Little Dume West,5.02717634939506,16.028106125027,1.23412442645419,17.3130841121495,21.69375,13.875,Outer,2446.32511169771,0.02,0.0133333333333333,0.00968,0.0300537153518764,0.0180645161290323,3.10327,0.70045842252869,0.396129032258065,34.0038,-118.78711
Little Dume West,5.02717634939506,16.028106125027,1.23412442645419,17.3130841121495,21.69375,13.875,Outer,2437.54929295933,0.02,0.0133333333333333,0.00968,0.0300537153518764,0.0180645161290323,3.10327,0.70045842252869,0.396129032258065,34.00383,-118.787005
Little Dume West,5.02717634939506,16.028106125027,1.23412442645419,17.3130841121495,21.69375,13.875,Outer,2446.32511169771,0.02,0.0133333333333333,0.00968,0.0300537153518764,0.0180645161290323,3.10327,0.70045842252869,0.396129032258065,34.00383,-118.787005
Matlahuayl,5.39648098889399,15.1526640875004,1.41392898276442,18.621,22.2428571428571,14.9357142857143,Inner,3248.19157563255,0.065,0.00833333333333333,0,0,0,3.58714,0.55966821738633,0.167096774193548,32.85247,-117.27041
Matlahuayl,5.39648098889399,15.1526640875004,1.41392898276442,18.621,22.2428571428571,14.9357142857143,Middle,3202.4997177007,0.63,0.0883333333333333,0.00645,0.0249731038114707,0.0124731182795699,3.77098,0.578516258468063,0.246666666666667,32.85296,-117.27035
Nicholas Canyon West,5.4809223574282,12.69623310329,1.98980025144359,16.6246478873239,20.45625,13.25625,Inner,5072.17141890689,0.9,0.0933333333333333,0.01291,0.0608941642168257,0.0253763440860215,3.5968,0.619872713650687,0.23247311827957,34.04292,-118.92268
Nicholas Canyon West,5.4809223574282,12.69623310329,1.98980025144359,16.6246478873239,20.45625,13.25625,Middle,4880.23514690681,2.07166666666667,0.128333333333333,0.08388,0.19949138786419,0.123225806451613,3.13541,0.980097531900258,0.506666666666667,34.04119,-118.92273
Nicholas Canyon West,5.4809223574282,12.69623310329,1.98980025144359,16.6246478873239,20.45625,13.25625,Outer,4466.46627048651,0.0516666666666667,0.0183333333333333,0.05807,0.162756393725568,0.0911827956989248,3.88069,0.426884802175989,0.133333333333333,34.03746,-118.92278
Point Dume,3.14983410792186,8.02798725869758,0.965490581907035,17.3090425531915,21.54375,14.00625,Inner,1338.775407565,0.403333333333333,0.1,0.8355,0.563083253601545,0.477634408602151,3.91939,0.218256472728862,0.0832258064516129,33.99876,-118.8068691
Point Dume,3.14983410792186,8.02798725869758,0.965490581907035,17.3090425531915,21.54375,14.00625,Middle,1331.07951632156,0.538333333333333,0.111666666666667,0.79678,0.459155203522861,0.32989247311828,3.64837,0.604468693252027,0.260215053763441,33.99866,-118.8070374
Point Dume,3.14983410792186,8.02798725869758,0.965490581907035,17.3090425531915,21.54375,14.00625,Outer,1293.20398195146,0.06,0.015,0.80968,0.598854403526196,0.441290322580645,3.45162,0.99400984908833,0.300430107526882,33.99824,-118.8073974
Point Loma Central,5.97265668538093,15.0929594998332,1.38160762497639,18.0214019851117,22.9875,14.64375,Inner,8381.52649806594,1.69444444444444,0.269444444444444,0,0,0,3.85486666666667,0.253941385348545,0.0845878136200717,32.71011,-117.26009
Point Loma Central,5.97265668538093,15.0929594998332,1.38160762497639,18.0214019851117,22.9875,14.64375,Middle,8141.91808816597,2.435,0.381666666666667,0.00323,0.0179605302026775,0.00645161290322581,3.90646,0.260742233161412,0.122795698924731,32.70946,-117.2626
Point Loma Central,5.97265668538093,15.0929594998332,1.38160762497639,18.0214019851117,22.9875,14.64375,Outer,7496.3992070467,0.961666666666667,0.085,0,0,0,3.98064,0.0858672680282965,0.0253763440860215,32.71007,-117.26956
Point Loma Central,5.97265668538093,15.0929594998332,1.38160762497639,18.0214019851117,22.9875,14.64375,Deep,6891.16642903947,0.36,0.0883333333333333,0.02581,0.0820919556093778,0.047741935483871,3.67426,0.573643789335479,0.338924731182796,32.70974,-117.27601
PVR 2A,4.39980311425733,12.1784798613713,0.678161841752082,17.9289473684211,21.225,15.1125,ARM,2391.0888910223,2.51666666666667,0.280555555555556,0.387091666666667,0.25152593725082,0.203942652329749,3.048375,0.706292005828073,0.238709677419355,33.7234,-118.34996
PVR 2B,4.39980311425733,12.1784798613713,0.678161841752082,17.9289473684211,21.225,15.1125,ARM,2334.21814748847,2.44166666666667,0.2,0.309141666666667,0.273398253563747,0.249820788530466,2.82,0.473927424036521,0.162724014336918,33.72278,-118.34978
PVR 2C,4.39980311425733,12.1784798613713,0.678161841752082,17.9289473684211,21.225,15.1125,ARM,2335.81412212094,0.194444444444444,0.00833333333333333,0.231175,0.256143209116887,0.213799283154122,3.25810833333333,0.799812841128178,0.410931899641577,33.72254,-118.3491
PVR 4B,4.39980311425733,12.1784798613713,0.678161841752082,17.9289473684211,21.225,15.1125,ARM,2340.7510398989,2.88611111111111,0.363888888888889,0.260758333333333,0.273531961496409,0.24910394265233,3.27421666666667,0.752919704701482,0.241397849462366,33.72156,-118.3467833
PVR 4C,4.39980311425733,12.1784798613713,0.678161841752082,17.9289473684211,21.225,15.1125,ARM,2299.33979551181,1.59166666666667,0.283333333333333,0.317216666666667,0.297612601012374,0.248028673835126,2.96508333333333,0.368049583910184,0.160035842293907,33.7211,-118.3467384
PVR 5A,4.39980311425733,12.1784798613713,0.678161841752082,17.9289473684211,21.225,15.1125,ARM,2388.86035010399,3.37777777777778,0.438888888888889,0.311808333333333,0.312084025244349,0.266308243727599,3.064525,0.709461817811641,0.292293906810036,33.72157,-118.34582
PVR 5B,4.39980311425733,12.1784798613713,0.678161841752082,17.9289473684211,21.225,15.1125,ARM,2356.83778170253,2.28888888888889,0.430555555555556,0.172041666666667,0.281343592097763,0.225268817204301,2.84678333333333,0.406041651301747,0.17078853046595,33.72099,-118.3454
PVR 5C,4.39980311425733,12.1784798613713,0.678161841752082,17.9289473684211,21.225,15.1125,ARM,2316.11122076672,1.65,0.341666666666667,0.169366666666667,0.253737266830141,0.218279569892473,2.90319166666667,0.229356175198792,0.12168458781362,33.72046,-118.34526
PVR 6A,4.39980311425733,12.1784798613713,0.678161841752082,17.9289473684211,21.225,15.1125,ARM,2441.93464103647,4.775,0.675,0.274175,0.285114701536954,0.239784946236559,2.94899166666667,0.683511489579652,0.303046594982079,33.72102,-118.34388
PVR 6C,4.39980311425733,12.1784798613713,0.678161841752082,17.9289473684211,21.225,15.1125,ARM,2348.22502495948,0.255555555555556,0.0583333333333333,0.395166666666667,0.272217983020428,0.231362007168459,2.71774166666667,0.330012929879911,0.149462365591398,33.71998,-118.34387
PVR 7A,4.39980311425733,12.1784798613713,0.678161841752082,17.9289473684211,21.225,15.1125,ARM,2459.81836869302,3.61111111111111,0.525,0.244616666666667,0.27770587138312,0.223297491039427,3.102225,0.743662749944369,0.376344086021505,33.7204,-118.3424
PVR 7B,4.39980311425733,12.1784798613713,0.678161841752082,17.9289473684211,21.225,15.1125,ARM,2437.76728536818,2.03888888888889,0.255555555555556,0.23655,0.245694281306202,0.206093189964158,3.0081,0.729104803212845,0.42921146953405,33.72019,-118.34245
PVR 7C,4.39980311425733,12.1784798613713,0.678161841752082,17.9289473684211,21.225,15.1125,ARM,2392.3651328587,0,0,0.266133333333333,0.310337732203444,0.221863799283154,3.02688333333333,0.587766294260767,0.372222222222222,33.71962,-118.34231
PVR 8A,4.39980311425733,12.1784798613713,0.678161841752082,17.9289473684211,21.225,15.1125,ARM,2485.04377293154,1.41111111111111,0.319444444444444,0.268825,0.325040595529771,0.258243727598566,3.457,0.709428536475098,0.376881720430107,33.7193,-118.34009
PVR 8B,4.39980311425733,12.1784798613713,0.678161841752082,17.9289473684211,21.225,15.1125,ARM,2417.67676204497,0.0194444444444444,0.0111111111111111,0.268816666666667,0.317559363015309,0.268996415770609,3.26883333333333,0.643176675721002,0.347670250896057,33.71884,-118.34057
PVR 8C,4.39980311425733,12.1784798613713,0.678161841752082,17.9289473684211,21.225,15.1125,ARM,2384.33192583676,0,0,0.258075,0.345171947424047,0.276164874551971,3.50004166666667,0.736316146825206,0.367383512544803,33.71836,-118.34039
San Mateo Kelp,5.96659721285564,14.603496366255,1.36619756907977,18.1334745762712,23.4642857142857,14.4,Middle,5605.5498214224,0.00333333333333333,0.00333333333333333,0,0,0,2.72254,0.591893256694968,0.458924731182796,33.38508,-117.60313
San Mateo Kelp,5.96659721285564,14.603496366255,1.36619756907977,18.1334745762712,23.4642857142857,14.4,Outer,4781.28773539193,0.00333333333333333,0.00166666666666667,0.08712,0.19133235170525,0.130322580645161,3.34846,0.627477958268476,0.464731182795699,33.38451,-117.61312
SBI - Cat Canyon,1.39776946098424,3.74083764098519,0.327905222178717,17.1513157894737,21.4875,14.75625,Inner,3031.8464318168,4.35625,0.904166666666667,0.6492125,0.196153319157417,0.0841397849462366,3.935475,0.186288100007866,0.0865591397849462,33.46455,-119.04619
SBI - Cat Canyon,1.39776946098424,3.74083764098519,0.327905222178717,17.1513157894737,21.4875,14.75625,Middle,2995.82657409819,4.17291666666667,0.764583333333333,0.193575,0.356674437160553,0.237096774193548,3.2136875,0.718396079894037,0.506182795698925,33.46435,-119.04573
SBI - Cat Canyon,1.39776946098424,3.74083764098519,0.327905222178717,17.1513157894737,21.4875,14.75625,Deep,2817.75919345546,0.00208333333333333,0.00208333333333333,0.883075,0.552337692622667,0.299731182795699,3.39105,0.712024017574211,0.499193548387097,33.46336,-119.0434
SBI - Cat Canyon,1.39776946098424,3.74083764098519,0.327905222178717,17.1513157894737,21.4875,14.75625,Outer,2924.39970108425,3.53333333333333,0.795833333333333,0.177425,0.327711881562129,0.165591397849462,3.4274375,0.69840887832814,0.386021505376344,33.464031,-119.044517
SBI - Southeast Reef,1.29430154562122,6.57398620689687,0.217820074590827,17.4970588235294,22.5,13.875,Inner,2485.55191115819,1.6125,0.3625,0.0806375,0.199450687721243,0.136559139784946,3.7783125,0.341666569789997,0.169086021505376,33.46562,-119.031
SBI - Southeast Reef,1.29430154562122,6.57398620689687,0.217820074590827,17.4970588235294,22.5,13.875,Middle,2396.41837520042,1.52083333333333,0.275,0.0282375,0.062163070321759,0.0416666666666667,3.49195,0.606706557016911,0.385752688172043,33.46514,-119.03005
SBI - Southeast Reef,1.29430154562122,6.57398620689687,0.217820074590827,17.4970588235294,22.5,13.875,Outer,1970.48210832175,3.78541666666667,0.98125,0.0887125,0.22634100985093,0.125806451612903,3.6815,0.486669009616289,0.224193548387097,33.46197,-119.02739
SBI - Southeast Reef,1.29430154562122,6.57398620689687,0.217820074590827,17.4970588235294,22.5,13.875,Deep,1892.25761121478,0.660416666666667,0.18125,1.4919375,0.0600178069431924,0.0306451612903226,3.8266125,0.238813429690671,0.123924731182796,33.46148,-119.02667
SBI - Southeast Sealion,1.32302347223213,3.69971128540531,0.253615618728328,17.5158227848101,22.0125,14.15625,Inner,2812.14027267136,1.78333333333333,0.422916666666667,0.0121,0.0375671441898455,0.0225806451612903,3.3750375,0.591224658605935,0.320430107526882,33.46934,-119.02995
SBI - Southeast Sealion,1.32302347223213,3.69971128540531,0.253615618728328,17.5158227848101,22.0125,14.15625,Middle,2724.93702653791,0.904166666666667,0.277083333333333,0.0040375,0.0224506627533469,0.00806451612903227,3.2218,1.01881927069087,0.407795698924731,33.46896,-119.02859
SBI - Southeast Sealion,1.32302347223213,3.69971128540531,0.253615618728328,17.5158227848101,22.0125,14.15625,Outer,2647.11584179944,3.58958333333333,0.69375,0.008075,0.0449013255066937,0.0161290322580645,2.951625,0.753754359363909,0.537096774193548,33.46871,-119.02696
SBI - Sutil,1.39776946098424,3.74083764098519,0.327905222178717,17.1513157894737,21.4875,14.75625,Inner,3169.45887590322,0.833333333333333,0.36875,1.375,0.166485891748841,0.134408602150538,3.9153,0.176535758115174,0.0862903225806452,33.46512,-119.04856
SBI - Sutil,1.39776946098424,3.74083764098519,0.327905222178717,17.1513157894737,21.4875,14.75625,Middle,3177.29090136632,4.27291666666667,1.00625,0.2741625,0.526375936410499,0.363172043010753,3.8992,0.268941943491631,0.133870967741936,33.46516,-119.04867
SBI - Sutil,1.39776946098424,3.74083764098519,0.327905222178717,17.1513157894737,21.4875,14.75625,Outer,3218.14318619054,5.0625,1.21041666666667,0.4717875,0.524658504180798,0.461559139784946,3.8347375,0.341692449328368,0.194086021505376,33.46559,-119.04856
SBI - Sutil,1.39776946098424,3.74083764098519,0.327905222178717,17.1513157894737,21.4875,14.75625,Deep,3241.46592132193,0.222916666666667,0.0458333333333333,0.395125,0.442818711346608,0.318548387096774,3.22575,0.73005127511536,0.464516129032258,33.465817,-119.048553
SCAI - Cat Harbor,1.06402500954296,3.38369004700042,0.313384627458502,18.3057692307692,22.5214285714286,14.7,Inner,3285.94499614648,0.243333333333333,0.095,0.02903,0.0674754756617949,0.0486021505376344,2.61615,0.576857635039804,0.494623655913979,33.4263232,-118.5108772
SCAI - Cat Harbor,1.06402500954296,3.38369004700042,0.313384627458502,18.3057692307692,22.5214285714286,14.7,Outer,3129.80318675987,0.26,0.06,0.25485,0.314326854484035,0.225591397849462,2.65158,0.79716005914075,0.535268817204301,33.424963,-118.511531
SCAI - Cat Harbor,1.06402500954296,3.38369004700042,0.313384627458502,18.3057692307692,22.5214285714286,14.7,Middle,3220.22584439126,0.0666666666666667,0.0183333333333333,0,0,0,2.46447,0.687614633093319,0.563440860215054,33.426191,-118.511757
SCAI - China Point,1.50159451658851,4.56186954566155,0.306879651990438,17.634375,20.8928571428571,15.2785714285714,Inner,2876.15584774429,2.17708333333333,0.3125,0.3346875,0.36629906657198,0.298387096774194,3.74995,0.457036091191914,0.260483870967742,33.33025,-118.4691
SCAI - China Point,1.50159451658851,4.56186954566155,0.306879651990438,17.634375,20.8928571428571,15.2785714285714,Middle,2846.71870396756,4.78333333333333,0.9125,0.673375,0.521753527267501,0.404838709677419,3.8065125,0.411064351496431,0.21989247311828,33.33003,-118.4694
SCAI - China Point,1.50159451658851,4.56186954566155,0.306879651990438,17.634375,20.8928571428571,15.2785714285714,Outer,2776.95741805529,2.60208333333333,0.304166666666667,1.2298375,0.576023677259053,0.404032258064516,3.8427375,0.364149360253555,0.13494623655914,33.32953,-118.46999
SCAI - Indian Rock,0.66954833650901,1.62542196742925,0.31926383420205,18.688,22.89375,15.075,Inner,1765.1342197694,0.295,0.065,0.21291,0.319636856621174,0.230537634408602,3.58703,0.585241026084197,0.422150537634409,33.4686,-118.5255
SCAI - Indian Rock,0.66954833650901,1.62542196742925,0.31926383420205,18.688,22.89375,15.075,Middle,1744.34440921391,1.525,0.176666666666667,0.47744,0.523155228116512,0.36752688172043,3.49684,0.743606863130772,0.446881720430108,33.46883,-118.52521
SCAI - Indian Rock,0.66954833650901,1.62542196742925,0.31926383420205,18.688,22.89375,15.075,Outer,1809.83186061418,1.69833333333333,0.163333333333333,0.46128,0.549082436226023,0.401505376344086,3.55491,0.724959439879114,0.30258064516129,33.46843,-118.52402
SCAI - Salta Verde,0.907770505986389,3.19208467842878,0.290349220773587,18.575,23.00625,14.90625,Inner,2391.25046790176,0.727083333333333,0.0833333333333333,0.189525,0.307555331762364,0.189516129032258,3.6089375,0.721612520114768,0.328494623655914,33.315504,-118.421958
SCAI - Salta Verde,0.907770505986389,3.19208467842878,0.290349220773587,18.575,23.00625,14.90625,Middle,2327.02360812195,3.72708333333333,0.5,0.2459625,0.355988933746658,0.26989247311828,3.419375,0.685409839827852,0.495430107526882,33.31488,-118.42198
SCAI - Salta Verde,0.907770505986389,3.19208467842878,0.290349220773587,18.575,23.00625,14.90625,Outer,2196.00907521643,3.52708333333333,0.308333333333333,0.1976,0.289519297056393,0.232258064516129,3.2178125,0.781214045554936,0.60510752688172,33.31364,-118.42205
SCAI - Ship Rock,0.656995133274203,3.46722609184414,0.308752880889933,18.523777173913,22.74375,15,Inner,585.848150461285,2.15666666666667,0.363333333333333,0.71291,0.546703259370533,0.438924731182796,3.8258,0.326331356297186,0.244301075268817,33.46328,-118.49198
SCAI - Ship Rock,0.656995133274203,3.46722609184414,0.308752880889933,18.523777173913,22.74375,15,Middle,568.875132008941,1.77166666666667,0.34,0.53224,0.463052340119682,0.398494623655914,3.48065,0.33600493657109,0.26,33.46341,-118.49188
SCAI - Ship Rock,0.656995133274203,3.46722609184414,0.308752880889933,18.523777173913,22.74375,15,Outer,542.469903998857,1.205,0.203333333333333,0.73871,0.35673812049365,0.285376344086022,3.4162,0.276083376291315,0.186236559139785,33.46367,-118.4918
SCAI - Ship Rock,0.656995133274203,3.46722609184414,0.308752880889933,18.523777173913,22.74375,15,Deep,532.457215503718,0.0116666666666667,0.00666666666666667,0.88389,0.363059116595377,0.326881720430108,3.46451,0.264504981772365,0.193978494623656,33.46381,-118.49182
South La Jolla,5.23745352944332,20.0043915907407,0.999682159072987,18.1524916943522,23.04375,14.5125,Inner,6896.2820851513,0,0,0.07097,0.13951087203871,0.10258064516129,3.50326,0.667327649930325,0.194408602150538,32.8166,-117.2798
South La Jolla,5.23745352944332,20.0043915907407,0.999682159072987,18.1524916943522,23.04375,14.5125,Middle,6672.61401190453,0.0433333333333333,0.0133333333333333,0,0,0,3.59355,0.608910387140981,0.27505376344086,32.81839,-117.28498
South La Jolla,5.23745352944332,20.0043915907407,0.999682159072987,18.1524916943522,23.04375,14.5125,Outer,7425.44239558019,1.99166666666667,0.105,0,0,0,3.89031,0.266879103881843,0.126021505376344,32.80962,-117.28668
South La Jolla,5.23745352944332,20.0043915907407,0.999682159072987,18.1524916943522,23.04375,14.5125,Deep,6913.82142506104,0.0333333333333333,0.00833333333333333,0.00968,0.0300537153518764,0.0180645161290323,3.49039,0.567741672772688,0.383225806451613,32.80679,-117.29464
Swami's,5.14287544178432,14.3676934545655,1.14962377873933,18.2087628865979,22.6071428571429,14.5714285714286,Inner,3876.7418111417,0,0,0.00968,0.0429336340141482,0.0189247311827957,3.70323,0.341786207618621,0.103225806451613,33.03669,-117.29966
Swami's,5.14287544178432,14.3676934545655,1.14962377873933,18.2087628865979,22.6071428571429,14.5714285714286,Middle,3728.22999588318,0.425,0.05,0.09032,0.161513402758378,0.11741935483871,3.88716,0.325629013516645,0.087741935483871,33.03546,-117.30066
Swami's,5.14287544178432,14.3676934545655,1.14962377873933,18.2087628865979,22.6071428571429,14.5714285714286,Outer,3615.30085103404,0.213333333333333,0.0416666666666667,0.0129,0.0340777100548239,0.0232258064516129,3.78387,0.545944021094595,0.199784946236559,33.03533,-117.30196
PVR 4D,4.39980311425733,12.1784798613713,0.678161841752082,17.9289473684211,21.225,15.1125,ARM,2360.30014851208,1.89166666666667,0.236111111111111,0.29677,0.328463014488668,0.246666666666667,3.40966,0.63099559583713,0.255268817204301,33.72197,-118.3472053
PVR 6D,4.39980311425733,12.1784798613713,0.678161841752082,17.9289473684211,21.225,15.1125,ARM,2394.99841091287,2.01388888888889,0.416666666666667,0.28711,0.386281440275921,0.35505376344086,3.27741,0.652043902360688,0.341935483870968,33.72051,-118.34391
SCAI - Indian Rock,0.66954833650901,1.62542196742925,0.31926383420205,18.688,22.89375,15.075,Deep,1824.252274599,0.05,0.00833333333333333,0.556425,0.2284798984294,0.164516129032258,3.685525,0.42038855027412,0.229569892473118,33.46834,-118.52238
